{
  "baseline": {
    "fx": {
      "MAE": 0.028049485757946968,
      "RMSE": 0.03824590519070625,
      "R2": 0.9848275184631348
    },
    "fy": {
      "MAE": 0.023726671934127808,
      "RMSE": 0.032519422471523285,
      "R2": 0.9692260026931763
    },
    "fz": {
      "MAE": 0.16039711236953735,
      "RMSE": 0.22744864225387573,
      "R2": 0.9829908609390259
    },
    "mx": {
      "MAE": 0.0014310743426904082,
      "RMSE": 0.0020127275492995977,
      "R2": 0.9498018026351929
    },
    "my": {
      "MAE": 0.0016083846567198634,
      "RMSE": 0.002214861800894141,
      "R2": 0.9708361625671387
    },
    "mz": {
      "MAE": 0.000415824877563864,
      "RMSE": 0.0005414577899500728,
      "R2": 0.9433633089065552
    }
  },
  "multimodal": {
    "fx": {
      "MAE": 0.02305612713098526,
      "RMSE": 0.031559500843286514,
      "R2": 0.9896689057350159
    },
    "fy": {
      "MAE": 0.019780484959483147,
      "RMSE": 0.026801573112607002,
      "R2": 0.9790964722633362
    },
    "fz": {
      "MAE": 0.1271277666091919,
      "RMSE": 0.17858697474002838,
      "R2": 0.9895138740539551
    },
    "mx": {
      "MAE": 0.001212948001921177,
      "RMSE": 0.001667154487222433,
      "R2": 0.9655594825744629
    },
    "my": {
      "MAE": 0.0013811747776344419,
      "RMSE": 0.001868983032181859,
      "R2": 0.9792335629463196
    },
    "mz": {
      "MAE": 0.00038396663148887455,
      "RMSE": 0.0004965036641806364,
      "R2": 0.9523773789405823
    }
  },
  "baseline_dir": "d:\\JunjieWang\\Scientific_research\\Task-Visual_tactile_sensor\\Visual_tactile_sensor_4.0\\force_calibration\\model_output_vision_only",
  "multimodal_dir": "d:\\JunjieWang\\Scientific_research\\Task-Visual_tactile_sensor\\Visual_tactile_sensor_4.0\\force_calibration\\model_output_vision_piezo"
}