{
  "fx": {
    "MAE": 0.14515329897403717,
    "RMSE": 0.23207218945026398,
    "R2": 0.7622662782669067,
    "MaxError": 0.9562311172485352,
    "MAPE(%)": 69.81714630126953
  },
  "fy": {
    "MAE": 0.1139071136713028,
    "RMSE": 0.1769862025976181,
    "R2": 0.8567875623703003,
    "MaxError": 0.9500053524971008,
    "MAPE(%)": 51.65493392944336
  },
  "fz": {
    "MAE": 0.5899912714958191,
    "RMSE": 1.0140647888183594,
    "R2": 0.825830340385437,
    "MaxError": 10.176582336425781,
    "MAPE(%)": 75.75479125976562
  },
  "mx": {
    "MAE": 0.008071926422417164,
    "RMSE": 0.012663531117141247,
    "R2": 0.8204885721206665,
    "MaxError": 0.05973631516098976,
    "MAPE(%)": 23.59099769592285
  },
  "my": {
    "MAE": 0.008594078943133354,
    "RMSE": 0.013881356455385685,
    "R2": 0.7471646666526794,
    "MaxError": 0.06135578826069832,
    "MAPE(%)": 24.087997436523438
  },
  "mz": {
    "MAE": 0.0016833090921863914,
    "RMSE": 0.0027555867563933134,
    "R2": 0.7118209600448608,
    "MaxError": 0.018224816769361496,
    "MAPE(%)": NaN
  }
}