{
  "fx": {
    "MAE": 0.14757093787193298,
    "RMSE": 0.23216043412685394,
    "R2": 0.7620854377746582,
    "MaxError": 0.9599056243896484,
    "MAPE(%)": 72.35596466064453
  },
  "fy": {
    "MAE": 0.11997933685779572,
    "RMSE": 0.19181077182292938,
    "R2": 0.8317915201187134,
    "MaxError": 0.8251433968544006,
    "MAPE(%)": 59.41331481933594
  },
  "fz": {
    "MAE": 0.6183025240898132,
    "RMSE": 1.0766268968582153,
    "R2": 0.8036768436431885,
    "MaxError": 9.884916305541992,
    "MAPE(%)": 80.0601806640625
  },
  "mx": {
    "MAE": 0.0096732834354043,
    "RMSE": 0.01637778989970684,
    "R2": 0.6997430324554443,
    "MaxError": 0.08504607528448105,
    "MAPE(%)": 31.65523910522461
  },
  "my": {
    "MAE": 0.009108060970902443,
    "RMSE": 0.014447043649852276,
    "R2": 0.7261378765106201,
    "MaxError": 0.06166165694594383,
    "MAPE(%)": 17.747617721557617
  },
  "mz": {
    "MAE": 0.001851266948506236,
    "RMSE": 0.002936313860118389,
    "R2": 0.6727805137634277,
    "MaxError": 0.019884996116161346,
    "MAPE(%)": NaN
  }
}