{
  "baseline": {
    "fx": {
      "MAE": 0.04861856997013092,
      "RMSE": 0.06985027343034744,
      "R2": 0.9826286435127258
    },
    "fy": {
      "MAE": 0.04607350751757622,
      "RMSE": 0.0674964115023613,
      "R2": 0.9813594222068787
    },
    "fz": {
      "MAE": 0.12505008280277252,
      "RMSE": 0.17922081053256989,
      "R2": 0.983860194683075
    },
    "mx": {
      "MAE": 0.0025562518276274204,
      "RMSE": 0.003993580583482981,
      "R2": 0.9829565286636353
    },
    "my": {
      "MAE": 0.0024233125150203705,
      "RMSE": 0.0038157603703439236,
      "R2": 0.984773576259613
    },
    "mz": {
      "MAE": 0.0006198333576321602,
      "RMSE": 0.0007997530628927052,
      "R2": 0.9622886180877686
    }
  },
  "multimodal": {
    "fx": {
      "MAE": 0.04423549771308899,
      "RMSE": 0.06391606479883194,
      "R2": 0.9854548573493958
    },
    "fy": {
      "MAE": 0.0441693440079689,
      "RMSE": 0.06480558216571808,
      "R2": 0.9828160405158997
    },
    "fz": {
      "MAE": 0.1120159775018692,
      "RMSE": 0.16173645853996277,
      "R2": 0.9868557453155518
    },
    "mx": {
      "MAE": 0.00247441278770566,
      "RMSE": 0.003773223143070936,
      "R2": 0.9847854971885681
    },
    "my": {
      "MAE": 0.0025063760112971067,
      "RMSE": 0.003828092711046338,
      "R2": 0.9846749901771545
    },
    "mz": {
      "MAE": 0.0005981085123494267,
      "RMSE": 0.0007720133871771395,
      "R2": 0.9648593068122864
    }
  },
  "baseline_dir": "/home/wangjunjie/VPTac0509/force_calibration/model_output_lightnet",
  "multimodal_dir": "/home/wangjunjie/VPTac0509/force_calibration/model_output_lightnet_piezo",
  "model_type": "LightNet"
}