{
  "fx": {
    "MAE": 0.15127915143966675,
    "RMSE": 0.24816472828388214,
    "R2": 0.728152871131897,
    "MaxError": 1.191312313079834,
    "MAPE(%)": 70.07432556152344
  },
  "fy": {
    "MAE": 0.11112138628959656,
    "RMSE": 0.19082576036453247,
    "R2": 0.8335146903991699,
    "MaxError": 1.1189237833023071,
    "MAPE(%)": 57.79325485229492
  },
  "fz": {
    "MAE": 0.6317464113235474,
    "RMSE": 1.0738141536712646,
    "R2": 0.8047013282775879,
    "MaxError": 9.926279067993164,
    "MAPE(%)": 83.29708862304688
  },
  "mx": {
    "MAE": 0.00883586797863245,
    "RMSE": 0.015423723496496677,
    "R2": 0.7337063550949097,
    "MaxError": 0.0937889814376831,
    "MAPE(%)": 26.432233810424805
  },
  "my": {
    "MAE": 0.00978972390294075,
    "RMSE": 0.016104290261864662,
    "R2": 0.65970379114151,
    "MaxError": 0.07752193510532379,
    "MAPE(%)": 22.758319854736328
  },
  "mz": {
    "MAE": 0.0020410004071891308,
    "RMSE": 0.0030507801566272974,
    "R2": 0.6467711925506592,
    "MaxError": 0.018561678007245064,
    "MAPE(%)": NaN
  }
}