{
  "MLP": {
    "Vision-only": {
      "fx": {
        "MAE": 0.03891265019774437,
        "RMSE": 0.058312106877565384,
        "R2": 0.9878935813903809,
        "MaxError": 0.35476577281951904,
        "MAPE(%)": 15.564027786254883
      },
      "fy": {
        "MAE": 0.038540106266736984,
        "RMSE": 0.058688413351774216,
        "R2": 0.9859070181846619,
        "MaxError": 0.3683171272277832,
        "MAPE(%)": 16.14395523071289
      },
      "fz": {
        "MAE": 0.11144696921110153,
        "RMSE": 0.1746453493833542,
        "R2": 0.984673798084259,
        "MaxError": 1.4678821563720703,
        "MAPE(%)": 20.07574462890625
      },
      "mx": {
        "MAE": 0.002112253103405237,
        "RMSE": 0.003471650881692767,
        "R2": 0.9871203303337097,
        "MaxError": 0.020631615072488785,
        "MAPE(%)": 3.831601619720459
      },
      "my": {
        "MAE": 0.002034776145592332,
        "RMSE": 0.0032612925861030817,
        "R2": 0.9888771772384644,
        "MaxError": 0.020838430151343346,
        "MAPE(%)": 4.2670135498046875
      },
      "mz": {
        "MAE": 0.0005550507339648902,
        "RMSE": 0.0007302917656488717,
        "R2": 0.9685548543930054,
        "MaxError": 0.0037767128087580204,
        "MAPE(%)": NaN
      }
    },
    "Vision+Piezo": {
      "fx": {
        "MAE": 0.032027699053287506,
        "RMSE": 0.04693623259663582,
        "R2": 0.992156445980072,
        "MaxError": 0.33608800172805786,
        "MAPE(%)": 12.244423866271973
      },
      "fy": {
        "MAE": 0.032402243465185165,
        "RMSE": 0.04804220050573349,
        "R2": 0.9905562400817871,
        "MaxError": 0.3082371950149536,
        "MAPE(%)": 13.168966293334961
      },
      "fz": {
        "MAE": 0.09249458461999893,
        "RMSE": 0.1368832290172577,
        "R2": 0.9905849695205688,
        "MaxError": 0.8237824440002441,
        "MAPE(%)": 16.06441879272461
      },
      "mx": {
        "MAE": 0.0018274340545758605,
        "RMSE": 0.0029201305005699396,
        "R2": 0.9908875226974487,
        "MaxError": 0.016154326498508453,
        "MAPE(%)": 3.8788721561431885
      },
      "my": {
        "MAE": 0.0016999093350023031,
        "RMSE": 0.002675627125427127,
        "R2": 0.9925133585929871,
        "MaxError": 0.019752588123083115,
        "MAPE(%)": 3.939328670501709
      },
      "mz": {
        "MAE": 0.0004968051216565073,
        "RMSE": 0.0006494255503639579,
        "R2": 0.9751332402229309,
        "MaxError": 0.003221838967874646,
        "MAPE(%)": NaN
      }
    }
  },
  "PointNet": {
    "Vision-only": {
      "fx": {
        "MAE": 0.04311709105968475,
        "RMSE": 0.06169089674949646,
        "R2": 0.9864500164985657,
        "MaxError": 0.2816116511821747,
        "MAPE(%)": 18.08250617980957
      },
      "fy": {
        "MAE": 0.0401744619011879,
        "RMSE": 0.05703713744878769,
        "R2": 0.9866889119148254,
        "MaxError": 0.3211120367050171,
        "MAPE(%)": 17.322004318237305
      },
      "fz": {
        "MAE": 0.10695964097976685,
        "RMSE": 0.16096465289592743,
        "R2": 0.9869808554649353,
        "MaxError": 0.8250312805175781,
        "MAPE(%)": 20.373870849609375
      },
      "mx": {
        "MAE": 0.002295304322615266,
        "RMSE": 0.0035383375361561775,
        "R2": 0.9866207838058472,
        "MaxError": 0.01837959885597229,
        "MAPE(%)": 6.100629806518555
      },
      "my": {
        "MAE": 0.002259717555716634,
        "RMSE": 0.003488999092951417,
        "R2": 0.9872696995735168,
        "MaxError": 0.016752371564507484,
        "MAPE(%)": 4.39495325088501
      },
      "mz": {
        "MAE": 0.0005993818631395698,
        "RMSE": 0.0007754205144010484,
        "R2": 0.9645484089851379,
        "MaxError": 0.003144735936075449,
        "MAPE(%)": NaN
      }
    },
    "Vision+Piezo": {
      "fx": {
        "MAE": 0.03468611091375351,
        "RMSE": 0.04915152117609978,
        "R2": 0.9913985729217529,
        "MaxError": 0.31080424785614014,
        "MAPE(%)": 13.137115478515625
      },
      "fy": {
        "MAE": 0.03273047134280205,
        "RMSE": 0.045388609170913696,
        "R2": 0.9915707111358643,
        "MaxError": 0.23246264457702637,
        "MAPE(%)": 12.626026153564453
      },
      "fz": {
        "MAE": 0.08592885732650757,
        "RMSE": 0.12394130229949951,
        "R2": 0.9922811388969421,
        "MaxError": 0.6088662147521973,
        "MAPE(%)": 15.07913875579834
      },
      "mx": {
        "MAE": 0.0017683410551398993,
        "RMSE": 0.002707410603761673,
        "R2": 0.9921667575836182,
        "MaxError": 0.011947698891162872,
        "MAPE(%)": 4.0882768630981445
      },
      "my": {
        "MAE": 0.001913095242343843,
        "RMSE": 0.002941105281934142,
        "R2": 0.9909539818763733,
        "MaxError": 0.020687326788902283,
        "MAPE(%)": 5.923820495605469
      },
      "mz": {
        "MAE": 0.0004966755514033139,
        "RMSE": 0.0006328624440357089,
        "R2": 0.9763854742050171,
        "MaxError": 0.0027064867317676544,
        "MAPE(%)": NaN
      }
    }
  },
  "LightNet": {
    "Vision-only": {
      "fx": {
        "MAE": 0.048623789101839066,
        "RMSE": 0.06986179947853088,
        "R2": 0.9826229214668274,
        "MaxError": 0.3529570698738098,
        "MAPE(%)": 19.002952575683594
      },
      "fy": {
        "MAE": 0.046068087220191956,
        "RMSE": 0.06748891621828079,
        "R2": 0.9813635349273682,
        "MaxError": 0.43244469165802,
        "MAPE(%)": 20.078195571899414
      },
      "fz": {
        "MAE": 0.1250341832637787,
        "RMSE": 0.1792045384645462,
        "R2": 0.983863115310669,
        "MaxError": 0.9445921778678894,
        "MAPE(%)": 22.386816024780273
      },
      "mx": {
        "MAE": 0.0025564481038600206,
        "RMSE": 0.0039938660338521,
        "R2": 0.9829540848731995,
        "MaxError": 0.02401082217693329,
        "MAPE(%)": 6.887319087982178
      },
      "my": {
        "MAE": 0.002423979341983795,
        "RMSE": 0.0038164465222507715,
        "R2": 0.9847680926322937,
        "MaxError": 0.02081429399549961,
        "MAPE(%)": 7.185763359069824
      },
      "mz": {
        "MAE": 0.0006198867922648787,
        "RMSE": 0.0007997881039045751,
        "R2": 0.9622852802276611,
        "MaxError": 0.003605424426496029,
        "MAPE(%)": NaN
      }
    },
    "Vision+Piezo": {
      "fx": {
        "MAE": 0.04421670362353325,
        "RMSE": 0.06389030069112778,
        "R2": 0.9854665994644165,
        "MaxError": 0.3425789177417755,
        "MAPE(%)": 17.405899047851562
      },
      "fy": {
        "MAE": 0.044162165373563766,
        "RMSE": 0.06478486955165863,
        "R2": 0.9828270077705383,
        "MaxError": 0.3987721800804138,
        "MAPE(%)": 18.815643310546875
      },
      "fz": {
        "MAE": 0.1120559424161911,
        "RMSE": 0.16177810728549957,
        "R2": 0.9868489503860474,
        "MaxError": 0.9457898139953613,
        "MAPE(%)": 20.444042205810547
      },
      "mx": {
        "MAE": 0.002473887288942933,
        "RMSE": 0.00377222103998065,
        "R2": 0.9847935438156128,
        "MaxError": 0.02390666864812374,
        "MAPE(%)": 6.333866596221924
      },
      "my": {
        "MAE": 0.0025046360678970814,
        "RMSE": 0.0038252808153629303,
        "R2": 0.9846974611282349,
        "MaxError": 0.02041579782962799,
        "MAPE(%)": 9.800348281860352
      },
      "mz": {
        "MAE": 0.000598211248870939,
        "RMSE": 0.0007721376605331898,
        "R2": 0.964847981929779,
        "MaxError": 0.003379891160875559,
        "MAPE(%)": NaN
      }
    }
  }
}