{
  "MLP": {
    "Vision-only": {
      "fx": {
        "MAE": 0.03891265019774437,
        "RMSE": 0.058312106877565384,
        "R2": 0.9878935813903809
      },
      "fy": {
        "MAE": 0.038540106266736984,
        "RMSE": 0.058688413351774216,
        "R2": 0.9859070181846619
      },
      "fz": {
        "MAE": 0.11144696921110153,
        "RMSE": 0.1746453493833542,
        "R2": 0.984673798084259
      },
      "mx": {
        "MAE": 0.002112253103405237,
        "RMSE": 0.003471650881692767,
        "R2": 0.9871203303337097
      },
      "my": {
        "MAE": 0.002034776145592332,
        "RMSE": 0.0032612925861030817,
        "R2": 0.9888771772384644
      },
      "mz": {
        "MAE": 0.0005550507339648902,
        "RMSE": 0.0007302917656488717,
        "R2": 0.9685548543930054
      }
    },
    "Vision+Piezo": {
      "fx": {
        "MAE": 0.032027699053287506,
        "RMSE": 0.04693623259663582,
        "R2": 0.992156445980072
      },
      "fy": {
        "MAE": 0.032402243465185165,
        "RMSE": 0.04804220050573349,
        "R2": 0.9905562400817871
      },
      "fz": {
        "MAE": 0.09249458461999893,
        "RMSE": 0.1368832290172577,
        "R2": 0.9905849695205688
      },
      "mx": {
        "MAE": 0.0018274340545758605,
        "RMSE": 0.0029201305005699396,
        "R2": 0.9908875226974487
      },
      "my": {
        "MAE": 0.0016999093350023031,
        "RMSE": 0.002675627125427127,
        "R2": 0.9925133585929871
      },
      "mz": {
        "MAE": 0.0004968051216565073,
        "RMSE": 0.0006494255503639579,
        "R2": 0.9751332402229309
      }
    }
  },
  "PointNet": {
    "Vision-only": {
      "fx": {
        "MAE": 0.04311709105968475,
        "RMSE": 0.06169089674949646,
        "R2": 0.9864500164985657
      },
      "fy": {
        "MAE": 0.0401744619011879,
        "RMSE": 0.05703713744878769,
        "R2": 0.9866889119148254
      },
      "fz": {
        "MAE": 0.10695964097976685,
        "RMSE": 0.16096465289592743,
        "R2": 0.9869808554649353
      },
      "mx": {
        "MAE": 0.002295304322615266,
        "RMSE": 0.0035383375361561775,
        "R2": 0.9866207838058472
      },
      "my": {
        "MAE": 0.002259717555716634,
        "RMSE": 0.003488999092951417,
        "R2": 0.9872696995735168
      },
      "mz": {
        "MAE": 0.0005993818631395698,
        "RMSE": 0.0007754205144010484,
        "R2": 0.9645484089851379
      }
    },
    "Vision+Piezo": {
      "fx": {
        "MAE": 0.03468611091375351,
        "RMSE": 0.04915152117609978,
        "R2": 0.9913985729217529
      },
      "fy": {
        "MAE": 0.03273047134280205,
        "RMSE": 0.045388609170913696,
        "R2": 0.9915707111358643
      },
      "fz": {
        "MAE": 0.08592885732650757,
        "RMSE": 0.12394130229949951,
        "R2": 0.9922811388969421
      },
      "mx": {
        "MAE": 0.0017683410551398993,
        "RMSE": 0.002707410603761673,
        "R2": 0.9921667575836182
      },
      "my": {
        "MAE": 0.001913095242343843,
        "RMSE": 0.002941105281934142,
        "R2": 0.9909539818763733
      },
      "mz": {
        "MAE": 0.0004966755514033139,
        "RMSE": 0.0006328624440357089,
        "R2": 0.9763854742050171
      }
    }
  },
  "LightNet": {
    "Vision-only": {
      "fx": {
        "MAE": 0.048623789101839066,
        "RMSE": 0.06986179947853088,
        "R2": 0.9826229214668274
      },
      "fy": {
        "MAE": 0.046068087220191956,
        "RMSE": 0.06748891621828079,
        "R2": 0.9813635349273682
      },
      "fz": {
        "MAE": 0.1250341832637787,
        "RMSE": 0.1792045384645462,
        "R2": 0.983863115310669
      },
      "mx": {
        "MAE": 0.0025564481038600206,
        "RMSE": 0.0039938660338521,
        "R2": 0.9829540848731995
      },
      "my": {
        "MAE": 0.002423979341983795,
        "RMSE": 0.0038164465222507715,
        "R2": 0.9847680926322937
      },
      "mz": {
        "MAE": 0.0006198867922648787,
        "RMSE": 0.0007997881039045751,
        "R2": 0.9622852802276611
      }
    },
    "Vision+Piezo": {
      "fx": {
        "MAE": 0.04421670362353325,
        "RMSE": 0.06389030069112778,
        "R2": 0.9854665994644165
      },
      "fy": {
        "MAE": 0.044162165373563766,
        "RMSE": 0.06478486955165863,
        "R2": 0.9828270077705383
      },
      "fz": {
        "MAE": 0.1120559424161911,
        "RMSE": 0.16177810728549957,
        "R2": 0.9868489503860474
      },
      "mx": {
        "MAE": 0.002473887288942933,
        "RMSE": 0.00377222103998065,
        "R2": 0.9847935438156128
      },
      "my": {
        "MAE": 0.0025046360678970814,
        "RMSE": 0.0038252808153629303,
        "R2": 0.9846974611282349
      },
      "mz": {
        "MAE": 0.000598211248870939,
        "RMSE": 0.0007721376605331898,
        "R2": 0.964847981929779
      }
    }
  }
}