{
  "fx": {
    "MAE": 0.14434003829956055,
    "RMSE": 0.2281816303730011,
    "R2": 0.7701703906059265,
    "MaxError": 0.9353858828544617,
    "MAPE(%)": 66.88873291015625
  },
  "fy": {
    "MAE": 0.11074955016374588,
    "RMSE": 0.18469089269638062,
    "R2": 0.8440473079681396,
    "MaxError": 0.9240393042564392,
    "MAPE(%)": 53.322975158691406
  },
  "fz": {
    "MAE": 0.6444053053855896,
    "RMSE": 1.1104103326797485,
    "R2": 0.7911627292633057,
    "MaxError": 10.714925765991211,
    "MAPE(%)": 83.27360534667969
  },
  "mx": {
    "MAE": 0.009384645149111748,
    "RMSE": 0.01685689389705658,
    "R2": 0.6819190979003906,
    "MaxError": 0.10517309606075287,
    "MAPE(%)": 19.38703155517578
  },
  "my": {
    "MAE": 0.008839614689350128,
    "RMSE": 0.014456542208790779,
    "R2": 0.7257776260375977,
    "MaxError": 0.06081784889101982,
    "MAPE(%)": 20.06456184387207
  },
  "mz": {
    "MAE": 0.002286935457959771,
    "RMSE": 0.003382965922355652,
    "R2": 0.565660297870636,
    "MaxError": 0.018581461161375046,
    "MAPE(%)": NaN
  }
}