{
  "fx": {
    "MAE": 0.14650364220142365,
    "RMSE": 0.227732315659523,
    "R2": 0.7710745930671692,
    "MaxError": 1.1547842025756836,
    "MAPE(%)": 69.4771499633789
  },
  "fy": {
    "MAE": 0.11807803809642792,
    "RMSE": 0.2001534104347229,
    "R2": 0.816841185092926,
    "MaxError": 0.9939059615135193,
    "MAPE(%)": 57.87221908569336
  },
  "fz": {
    "MAE": 0.5923439264297485,
    "RMSE": 0.9992827773094177,
    "R2": 0.8308711051940918,
    "MaxError": 9.387638092041016,
    "MAPE(%)": 78.86185455322266
  },
  "mx": {
    "MAE": 0.009486586786806583,
    "RMSE": 0.016920188441872597,
    "R2": 0.6795259714126587,
    "MaxError": 0.11107237637042999,
    "MAPE(%)": 19.70128631591797
  },
  "my": {
    "MAE": 0.009263471700251102,
    "RMSE": 0.014690641313791275,
    "R2": 0.7168246507644653,
    "MaxError": 0.06827402859926224,
    "MAPE(%)": 22.21072769165039
  },
  "mz": {
    "MAE": 0.0022449693642556667,
    "RMSE": 0.0033318845089524984,
    "R2": 0.5786780118942261,
    "MaxError": 0.016601847484707832,
    "MAPE(%)": NaN
  }
}