{
  "fx": {
    "MAE": 0.147596538066864,
    "RMSE": 0.22873441874980927,
    "R2": 0.7690554857254028,
    "MaxError": 0.9798032641410828,
    "MAPE(%)": 73.49907684326172
  },
  "fy": {
    "MAE": 0.11484625190496445,
    "RMSE": 0.18633714318275452,
    "R2": 0.8412547707557678,
    "MaxError": 0.9185886383056641,
    "MAPE(%)": 55.32319641113281
  },
  "fz": {
    "MAE": 0.6018176078796387,
    "RMSE": 1.0272148847579956,
    "R2": 0.8212839365005493,
    "MaxError": 10.226058959960938,
    "MAPE(%)": 80.98670196533203
  },
  "mx": {
    "MAE": 0.009049594402313232,
    "RMSE": 0.01657520793378353,
    "R2": 0.692460834980011,
    "MaxError": 0.11416953802108765,
    "MAPE(%)": 17.575422286987305
  },
  "my": {
    "MAE": 0.00975358858704567,
    "RMSE": 0.015460816211998463,
    "R2": 0.6863546967506409,
    "MaxError": 0.06786111742258072,
    "MAPE(%)": 22.916114807128906
  },
  "mz": {
    "MAE": 0.002034321893006563,
    "RMSE": 0.0031840894371271133,
    "R2": 0.6152268648147583,
    "MaxError": 0.017381422221660614,
    "MAPE(%)": NaN
  }
}