{
  "baseline": {
    "fx": {
      "MAE": 0.04311458021402359,
      "RMSE": 0.061685070395469666,
      "R2": 0.986452579498291
    },
    "fy": {
      "MAE": 0.040173228830099106,
      "RMSE": 0.057035792618989944,
      "R2": 0.9866895079612732
    },
    "fz": {
      "MAE": 0.10694484412670135,
      "RMSE": 0.1609492003917694,
      "R2": 0.9869833588600159
    },
    "mx": {
      "MAE": 0.002295461017638445,
      "RMSE": 0.0035384339280426502,
      "R2": 0.9866200089454651
    },
    "my": {
      "MAE": 0.002259845146909356,
      "RMSE": 0.003489315276965499,
      "R2": 0.9872674345970154
    },
    "mz": {
      "MAE": 0.0005993262748233974,
      "RMSE": 0.0007753466488793492,
      "R2": 0.9645552039146423
    }
  },
  "multimodal": {
    "fx": {
      "MAE": 0.03468665853142738,
      "RMSE": 0.049148764461278915,
      "R2": 0.9913995265960693
    },
    "fy": {
      "MAE": 0.03273008391261101,
      "RMSE": 0.04539073631167412,
      "R2": 0.9915698766708374
    },
    "fz": {
      "MAE": 0.08592464029788971,
      "RMSE": 0.12392593920230865,
      "R2": 0.992283046245575
    },
    "mx": {
      "MAE": 0.0017680481541901827,
      "RMSE": 0.002707307692617178,
      "R2": 0.9921673536300659
    },
    "my": {
      "MAE": 0.001912781735882163,
      "RMSE": 0.0029406449757516384,
      "R2": 0.9909567832946777
    },
    "mz": {
      "MAE": 0.0004967263666912913,
      "RMSE": 0.0006328868912532926,
      "R2": 0.976383626461029
    }
  },
  "baseline_dir": "/home/wangjunjie/VPTac0509/force_calibration/model_output_pointnet",
  "multimodal_dir": "/home/wangjunjie/VPTac0509/force_calibration/model_output_pointnet_piezo",
  "model_type": "PointNet"
}