{
  "fx": {
    "MAE": 0.0522148571908474,
    "RMSE": 0.06920086592435837,
    "R2": 0.9529487490653992,
    "MaxError": 0.4383530914783478,
    "MAPE(%)": 24.080928802490234
  },
  "fy": {
    "MAE": 0.07043816894292831,
    "RMSE": 0.08685572445392609,
    "R2": 0.9088765382766724,
    "MaxError": 0.4801405668258667,
    "MAPE(%)": 32.081024169921875
  },
  "fz": {
    "MAE": 0.22645358741283417,
    "RMSE": 0.3220115900039673,
    "R2": 0.9577887654304504,
    "MaxError": 1.7271740436553955,
    "MAPE(%)": 27.255035400390625
  },
  "mx": {
    "MAE": 0.0028115801978856325,
    "RMSE": 0.004453951958566904,
    "R2": 0.9328489899635315,
    "MaxError": 0.031105268746614456,
    "MAPE(%)": 8.309438705444336
  },
  "my": {
    "MAE": 0.002417581155896187,
    "RMSE": 0.003737687598913908,
    "R2": 0.9558737277984619,
    "MaxError": 0.027815628796815872,
    "MAPE(%)": 9.265693664550781
  },
  "mz": {
    "MAE": 0.0019153739558532834,
    "RMSE": 0.0021414700895547867,
    "R2": 0.27839529514312744,
    "MaxError": 0.007425250019878149,
    "MAPE(%)": NaN
  }
}