{
  "fx": {
    "MAE": 0.0806991457939148,
    "RMSE": 0.10579852759838104,
    "R2": 0.9562535285949707,
    "MaxError": 0.6031513214111328,
    "MAPE(%)": 31.45699119567871
  },
  "fy": {
    "MAE": 0.09177327901124954,
    "RMSE": 0.1105683296918869,
    "R2": 0.9544641971588135,
    "MaxError": 0.6168337464332581,
    "MAPE(%)": 32.83343505859375
  },
  "fz": {
    "MAE": 0.22076170146465302,
    "RMSE": 0.2980952262878418,
    "R2": 0.958831250667572,
    "MaxError": 2.853339433670044,
    "MAPE(%)": 24.40730857849121
  },
  "mx": {
    "MAE": 0.003254479495808482,
    "RMSE": 0.005208443384617567,
    "R2": 0.9729427695274353,
    "MaxError": 0.030569732189178467,
    "MAPE(%)": 9.197611808776855
  },
  "my": {
    "MAE": 0.0033306025434285402,
    "RMSE": 0.0055498951114714146,
    "R2": 0.9644258618354797,
    "MaxError": 0.043962929397821426,
    "MAPE(%)": 9.989534378051758
  },
  "mz": {
    "MAE": 0.002722254255786538,
    "RMSE": 0.0029701399616897106,
    "R2": 0.6111240386962891,
    "MaxError": 0.009312561713159084,
    "MAPE(%)": NaN
  }
}