{
  "fx": {
    "MAE": 0.08226466178894043,
    "RMSE": 0.10669829696416855,
    "R2": 0.9555062651634216,
    "MaxError": 0.6894044876098633,
    "MAPE(%)": 30.940061569213867
  },
  "fy": {
    "MAE": 0.09734031558036804,
    "RMSE": 0.1166224554181099,
    "R2": 0.9493411183357239,
    "MaxError": 0.7086403369903564,
    "MAPE(%)": 34.07852554321289
  },
  "fz": {
    "MAE": 0.2853945791721344,
    "RMSE": 0.37983518838882446,
    "R2": 0.9331582188606262,
    "MaxError": 2.870999574661255,
    "MAPE(%)": 29.639846801757812
  },
  "mx": {
    "MAE": 0.0034087751992046833,
    "RMSE": 0.005722849629819393,
    "R2": 0.9673342704772949,
    "MaxError": 0.03661753609776497,
    "MAPE(%)": 9.895848274230957
  },
  "my": {
    "MAE": 0.0035222808364778757,
    "RMSE": 0.005645075347274542,
    "R2": 0.9631952047348022,
    "MaxError": 0.05084560811519623,
    "MAPE(%)": 7.645792484283447
  },
  "mz": {
    "MAE": 0.003174751764163375,
    "RMSE": 0.0034361539874225855,
    "R2": 0.4795217514038086,
    "MaxError": 0.010340318083763123,
    "MAPE(%)": NaN
  }
}