{
  "fx": {
    "MAE": 0.05369718745350838,
    "RMSE": 0.07225744426250458,
    "R2": 0.948700487613678,
    "MaxError": 0.42253708839416504,
    "MAPE(%)": 25.381023406982422
  },
  "fy": {
    "MAE": 0.07719377428293228,
    "RMSE": 0.097574383020401,
    "R2": 0.884998083114624,
    "MaxError": 0.7101621627807617,
    "MAPE(%)": 36.6724853515625
  },
  "fz": {
    "MAE": 0.19605714082717896,
    "RMSE": 0.28352925181388855,
    "R2": 0.9672749042510986,
    "MaxError": 1.7469139099121094,
    "MAPE(%)": 26.238554000854492
  },
  "mx": {
    "MAE": 0.002735452027991414,
    "RMSE": 0.0047097960487008095,
    "R2": 0.9249128699302673,
    "MaxError": 0.040996745228767395,
    "MAPE(%)": 3.8673055171966553
  },
  "my": {
    "MAE": 0.0023863064125180244,
    "RMSE": 0.0035119641106575727,
    "R2": 0.9610424637794495,
    "MaxError": 0.02340029925107956,
    "MAPE(%)": 6.735661506652832
  },
  "mz": {
    "MAE": 0.0021058626007288694,
    "RMSE": 0.0022738282568752766,
    "R2": 0.18643802404403687,
    "MaxError": 0.007055919151753187,
    "MAPE(%)": NaN
  }
}