{
  "baseline": {
    "fx": {
      "MAE": 0.03891265019774437,
      "RMSE": 0.058312106877565384,
      "R2": 0.9878935813903809
    },
    "fy": {
      "MAE": 0.038540106266736984,
      "RMSE": 0.058688413351774216,
      "R2": 0.9859070181846619
    },
    "fz": {
      "MAE": 0.11144696921110153,
      "RMSE": 0.1746453493833542,
      "R2": 0.984673798084259
    },
    "mx": {
      "MAE": 0.002112253103405237,
      "RMSE": 0.003471650881692767,
      "R2": 0.9871203303337097
    },
    "my": {
      "MAE": 0.002034776145592332,
      "RMSE": 0.0032612925861030817,
      "R2": 0.9888771772384644
    },
    "mz": {
      "MAE": 0.0005550507339648902,
      "RMSE": 0.0007302917656488717,
      "R2": 0.9685548543930054
    }
  },
  "multimodal": {
    "fx": {
      "MAE": 0.032027699053287506,
      "RMSE": 0.04693623259663582,
      "R2": 0.992156445980072
    },
    "fy": {
      "MAE": 0.032402243465185165,
      "RMSE": 0.04804220050573349,
      "R2": 0.9905562400817871
    },
    "fz": {
      "MAE": 0.09249458461999893,
      "RMSE": 0.1368832290172577,
      "R2": 0.9905849695205688
    },
    "mx": {
      "MAE": 0.0018274340545758605,
      "RMSE": 0.0029201305005699396,
      "R2": 0.9908875226974487
    },
    "my": {
      "MAE": 0.0016999093350023031,
      "RMSE": 0.002675627125427127,
      "R2": 0.9925133585929871
    },
    "mz": {
      "MAE": 0.0004968051216565073,
      "RMSE": 0.0006494255503639579,
      "R2": 0.9751332402229309
    }
  },
  "baseline_dir": "d:\\JunjieWang\\Scientific_research\\Task-Visual_tactile_sensor\\Visual_tactile_sensor_4.0\\force_calibration\\model_output_vision_only",
  "multimodal_dir": "d:\\JunjieWang\\Scientific_research\\Task-Visual_tactile_sensor\\Visual_tactile_sensor_4.0\\force_calibration\\model_output_vision_piezo"
}