{
  "baseline": {
    "fx": {
      "MAE": 0.02461428940296173,
      "RMSE": 0.03408326581120491,
      "R2": 0.9879282116889954
    },
    "fy": {
      "MAE": 0.022669833153486252,
      "RMSE": 0.031041843816637993,
      "R2": 0.9719203114509583
    },
    "fz": {
      "MAE": 0.1627543419599533,
      "RMSE": 0.23026630282402039,
      "R2": 0.9825714826583862
    },
    "mx": {
      "MAE": 0.0013485938543453813,
      "RMSE": 0.0018685013055801392,
      "R2": 0.9567239880561829
    },
    "my": {
      "MAE": 0.001473149168305099,
      "RMSE": 0.002044848632067442,
      "R2": 0.9750959277153015
    },
    "mz": {
      "MAE": 0.00039690331323072314,
      "RMSE": 0.0005158361745998263,
      "R2": 0.9485015869140625
    }
  },
  "multimodal": {
    "fx": {
      "MAE": 0.023356763646006584,
      "RMSE": 0.03182375058531761,
      "R2": 0.9894757270812988
    },
    "fy": {
      "MAE": 0.020020784810185432,
      "RMSE": 0.027102841064333916,
      "R2": 0.9785944223403931
    },
    "fz": {
      "MAE": 0.12776358425617218,
      "RMSE": 0.1817326843738556,
      "R2": 0.9891441464424133
    },
    "mx": {
      "MAE": 0.0012077019782736897,
      "RMSE": 0.0016524950042366982,
      "R2": 0.9661514163017273
    },
    "my": {
      "MAE": 0.0013710164930671453,
      "RMSE": 0.001866712118498981,
      "R2": 0.9792459607124329
    },
    "mz": {
      "MAE": 0.0003837890108115971,
      "RMSE": 0.0005005887360312045,
      "R2": 0.9515010714530945
    }
  },
  "baseline_dir": "d:\\JunjieWang\\Scientific_research\\Task-Visual_tactile_sensor\\Visual_tactile_sensor_4.0\\force_calibration\\model_output_vision_only",
  "multimodal_dir": "d:\\JunjieWang\\Scientific_research\\Task-Visual_tactile_sensor\\Visual_tactile_sensor_4.0\\force_calibration\\model_output_vision_piezo"
}