{
  "baseline": {
    "fx": {
      "MAE": 0.03891265019774437,
      "RMSE": 0.058312103152275085,
      "R2": 0.9878935813903809
    },
    "fy": {
      "MAE": 0.03854011371731758,
      "RMSE": 0.058688413351774216,
      "R2": 0.9859070181846619
    },
    "fz": {
      "MAE": 0.11144695430994034,
      "RMSE": 0.17464536428451538,
      "R2": 0.984673798084259
    },
    "mx": {
      "MAE": 0.0021122528705745935,
      "RMSE": 0.003471650881692767,
      "R2": 0.9871203303337097
    },
    "my": {
      "MAE": 0.002034776145592332,
      "RMSE": 0.0032612928189337254,
      "R2": 0.9888771772384644
    },
    "mz": {
      "MAE": 0.0005550507339648902,
      "RMSE": 0.0007302916492335498,
      "R2": 0.9685548543930054
    }
  },
  "multimodal": {
    "fx": {
      "MAE": 0.032027699053287506,
      "RMSE": 0.04693623259663582,
      "R2": 0.992156445980072
    },
    "fy": {
      "MAE": 0.032402247190475464,
      "RMSE": 0.04804220050573349,
      "R2": 0.9905562400817871
    },
    "fz": {
      "MAE": 0.09249458461999893,
      "RMSE": 0.13688324391841888,
      "R2": 0.9905849695205688
    },
    "mx": {
      "MAE": 0.0018274340545758605,
      "RMSE": 0.0029201305005699396,
      "R2": 0.9908875226974487
    },
    "my": {
      "MAE": 0.0016999092185869813,
      "RMSE": 0.0026756268925964832,
      "R2": 0.9925133585929871
    },
    "mz": {
      "MAE": 0.0004968051216565073,
      "RMSE": 0.0006494255503639579,
      "R2": 0.9751331806182861
    }
  },
  "baseline_dir": "/home/wangjunjie/VPTac0509/force_calibration/model_output_vision_only",
  "multimodal_dir": "/home/wangjunjie/VPTac0509/force_calibration/model_output_vision_piezo"
}