{
  "fx": {
    "MAE": 0.05139526352286339,
    "RMSE": 0.06125102564692497,
    "R2": 0.9631383419036865,
    "MaxError": 0.3003811836242676,
    "MAPE(%)": 21.665077209472656
  },
  "fy": {
    "MAE": 0.066973976790905,
    "RMSE": 0.07668489962816238,
    "R2": 0.9289681315422058,
    "MaxError": 0.4750994145870209,
    "MAPE(%)": 32.50214385986328
  },
  "fz": {
    "MAE": 0.19954067468643188,
    "RMSE": 0.23821920156478882,
    "R2": 0.9768986105918884,
    "MaxError": 1.3837223052978516,
    "MAPE(%)": 24.592548370361328
  },
  "mx": {
    "MAE": 0.00181762024294585,
    "RMSE": 0.002880930667743087,
    "R2": 0.9719051122665405,
    "MaxError": 0.030255349352955818,
    "MAPE(%)": 3.0973939895629883
  },
  "my": {
    "MAE": 0.0017430270090699196,
    "RMSE": 0.0026584577281028032,
    "R2": 0.9776771068572998,
    "MaxError": 0.021716032177209854,
    "MAPE(%)": 4.692439079284668
  },
  "mz": {
    "MAE": 0.0018792693736031651,
    "RMSE": 0.0019971150904893875,
    "R2": 0.3724021315574646,
    "MaxError": 0.004321185406297445,
    "MAPE(%)": NaN
  }
}