{
  "fx": {
    "MAE": 0.06056651845574379,
    "RMSE": 0.0751897469162941,
    "R2": 0.9779046773910522,
    "MaxError": 0.6166661977767944,
    "MAPE(%)": 21.157514572143555
  },
  "fy": {
    "MAE": 0.086825892329216,
    "RMSE": 0.10094362497329712,
    "R2": 0.96204674243927,
    "MaxError": 0.5167073607444763,
    "MAPE(%)": 30.37775421142578
  },
  "fz": {
    "MAE": 0.1811280995607376,
    "RMSE": 0.22446875274181366,
    "R2": 0.9766563177108765,
    "MaxError": 0.9960235953330994,
    "MAPE(%)": 20.67856216430664
  },
  "mx": {
    "MAE": 0.0023869562428444624,
    "RMSE": 0.004165498539805412,
    "R2": 0.9826937913894653,
    "MaxError": 0.03782230243086815,
    "MAPE(%)": 6.501961708068848
  },
  "my": {
    "MAE": 0.002068060915917158,
    "RMSE": 0.003559146076440811,
    "R2": 0.9853695631027222,
    "MaxError": 0.03798818215727806,
    "MAPE(%)": 5.575948238372803
  },
  "mz": {
    "MAE": 0.0022291047498583794,
    "RMSE": 0.0023811364080756903,
    "R2": 0.7500656843185425,
    "MaxError": 0.007287279702723026,
    "MAPE(%)": NaN
  }
}